section,tanker_dependency,groundwater_depletion,billing_gap,unmet_connection_demand,water_body_scarcity,latitude,longitude,cluster,cluster_label,water_stress_score_v3
ADARSHNAGAR,29.52,6.03,3120067.8532,2.44,-4.0,17.40454698,78.4735839,2,Low,-0.2424190386472084
ADIBATLA,1.0,10.471,160517.0,0.0,-7.0,17.230899,78.5558997,2,Low,-0.3237690174795974
ADIKMET,93.32,12.052,2330770.3619999997,2.04,-8.0,17.4095495,78.5130943,2,Low,-0.2203928080891297
AHMED NAGAR,99.84,3.3139999999999996,781511.0004,2.130434782608696,-9.0,17.404066,78.4442286,2,Low,-0.377500213152062
ALIABAD,2.6315789473684212,19.652,2069878.4210526317,3.8421052631578947,-10.0,17.34563,78.4726799,2,Low,-0.1830741186661927
ALKAPURI,448.6,24.0,6124305.969199999,8.12,-13.0,17.3662342,78.5549781,2,Low,0.10489072567041
ALLABANDA,5.208333333333333,8.085,2908766.68625,1.2916666666666667,-5.0,17.3803134,78.4577022,2,Low,-0.250334940933616
ALWAL,51.24,6.62,4366734.366799998,16.24,-19.0,17.5022292,78.5088584,2,Low,-0.3610161215250846
AMEENPUR,5.217391304347826,2.91,163182.04521739142,16.391304347826086,-6.0,17.5236905,78.3317297,2,Low,-0.3413479008999963
ASIF NAGAR,29.84,8.085,2989111.1104,2.88,-6.0,17.3857483,78.4505083,2,Low,-0.2457874777464396
ASMANGARH,68.56,15.772,3314281.1027999995,1.8636363636363635,-5.0,17.36850993,78.5142955,2,Low,-0.1091986704918507
ATTAPUR,150.6,8.99,3651939.8591999994,15.08,-12.0,17.3672244,78.4307278,2,Low,-0.1994196394811056
AUTONAGAR,83.64,54.592,4439266.302,29.24,-13.0,17.3356141,78.5792031,1,Medium,0.4341418468086634
AZAMABAD,268.72,4.994,6249525.4464,4.96,-6.0,17.4040194,78.5043767,2,Low,-0.1319649343491419
AZAMPURA,3.1052631578947367,11.371,1834020.3042105264,2.8,-2.0,17.3761935,78.490874,2,Low,-0.173810499740551
B.N.REDDY NAGAR,30.72,12.208999999999998,4056412.0764000006,17.88,-14.0,17.321914,78.5597937,2,Low,-0.2078614464623132
BACHUPALLY,41.24,83.42,832668.2264,20.68,-22.0,17.536648,78.3644736,1,Medium,0.2055399620638403
BADANGPET,21.12,15.8,2340578.9636000004,71.96,-14.0,17.3383467,78.5222127,1,Medium,-0.0770905985001647
BAGH LINGAMPALLY,195.92,4.994,2314092.9368000003,2.217391304347826,-5.0,17.3974359,78.4979706,2,Low,-0.228879718603317
BAHADURPURA,5.541666666666667,19.652,2246931.223333333,4.708333333333333,-11.0,17.3570672,78.4545419,2,Low,-0.2008715614815037
BALAJINAGAR,1282.16,10.359000000000002,4648299.522799999,6.08,-15.0,17.5149256,78.560679,2,Low,0.1693582024727943
BALANAGAR,35.68,59.528,5023490.4392,6.44,-15.0,17.4768224,78.4219645,1,Medium,0.3336982573697304
BALAPUR,1.875,15.781,1551259.663125,3.8125,-12.0,17.307521,78.5053298,2,Low,-0.2745411482940645
BANDLAGUDA,12.625,29.461,1891105.2029166666,13.75,-10.0,17.3714879,78.5727265,2,Low,-0.0094497778676191
BANJARA HILLS,2454.84,34.86,9122335.3148,11.16,-13.0,17.4177464,78.4399014,0,High,0.7761491724719707
BARKATPURA,139.48,4.994,3974810.6532,3.4,-3.0,17.3926121,78.4969683,2,Low,-0.1763721713530969
BEERAMGUDA,3.6666666666666665,48.466,1014056.4378260868,19.958333333333332,-2.0,17.5091218,78.3004614,2,Low,0.3302016136681736
BHAGATSINGH NAGAR,22.76,104.50299999999999,2194464.9036000003,4.0,-28.0,17.49324711,78.38735077,1,Medium,0.108473102308977
BHAGYANAGAR,979.08,4.994,11099333.775999999,12.08,-3.0,17.4076662,78.4957155,2,Low,0.2724986101345748
BHARATHNAGAR,211.36,19.847,2814211.5664,7.56,-15.0,17.3478913,78.55648,2,Low,-0.1390046870266577
BODUPPAL,121.32,23.95,2947537.08,59.08,-11.0,17.3988408,78.5366218,1,Medium,0.1400502055462372
BOIGUDA,79.36,8.752,3264725.716,3.12,-5.0,17.4286363,78.4969962,2,Low,-0.1965242001831031
BOLLARAM,1.0,15.663000000000002,215682.33333333334,1.0,-29.0,17.5065065,78.3623994,1,Medium,-0.5234559933237309
BORABANDA,184.84,9.201,2850325.1864,3.0,-21.0,17.4590687,78.4078664,2,Low,-0.392372031476027
BOUDHANAGAR,44.68,12.052,2683314.5104,1.4782608695652173,-8.0,17.4160319,78.517419,2,Low,-0.2278985496886556
BUDVEL,77.0,20.379,4202480.046399999,10.6,-12.0,17.33298,78.406191,2,Low,-0.1041153261738286
CHANCHALGUDA,9.833333333333334,15.772,2625410.8000000003,1.4444444444444444,-3.0,17.3673732,78.4965799,2,Low,-0.1162711340901241
CHANDA NAGAR,444.04,10.565,6295140.072799999,10.76,-27.0,17.4534764,78.3943669,1,Medium,-0.2587085442998709
CHANUDLAL BHARADARI,2.9047619047619047,19.652,3466114.729523809,5.476190476190476,-11.0,17.35207924,78.45954822,2,Low,-0.1551225165382213
CHANUKYAPURI,141.08,19.847,5746669.2996000005,9.0,-14.0,17.35903321,78.56173376,2,Low,-0.0712180540071262
CHEERYAL,1.5,48.866,2144088.3950000005,3.0,-17.0,17.51740026,78.62880731,1,Medium,0.087678586129058
CHERLAPALLY,18.36,28.936,5098621.0048,17.88,-11.0,17.4687455,78.6024858,2,Low,0.070438551189089
CHINTAL,45.52,10.305,5752580.7532,11.6,-23.0,17.5021756,78.440609,1,Medium,-0.3605162111289582
CHINTAL BASTHI,192.08,3.3139999999999996,3363696.0187999997,2.96,-8.0,17.4073576,78.4567152,2,Low,-0.2665945170250962
DARUL SHIFA,2.235294117647059,11.371,2110505.2647058824,1.5333333333333334,-2.0,17.366904,78.481078,2,Low,-0.1777045807571578
DEEPTHISRI NAGAR,467.6,2.91,7503112.3596,13.0,-24.0,17.5006656,78.33937201,1,Medium,-0.274311523333365
DEFENCE COLONY,215.04,46.221,4800506.0064,7.64,-10.0,17.3176682,78.6117136,1,Medium,0.3217156720588267
DHAMMAIGUDA,3.1818181818181817,59.541000000000004,5076033.265,63.77272727272727,-16.0,17.49890693,78.59838586,1,Medium,0.4439019839126136
DHOOD BOWLI,3.0,19.652,2135965.3310000002,1.55,-10.0,17.3588657,78.4654008,2,Low,-0.193028587701996
DILSHUKNAGAR,80.12,58.971,4010324.36,2.52,-5.0,17.3710329,78.5254623,1,Medium,0.4577971912220498
DOMALGUDA,46.36,6.03,3873959.6960000005,2.739130434782609,-2.0,17.4078455,78.4850003,2,Low,-0.183256528065839
ERRAGADDA,280.36,7.86,7646985.506,3.84,-10.0,17.4487999,78.4356074,2,Low,-0.1266506505032723
FATHENAGAR,459.16,7.86,7042088.002608696,5.56,-10.0,17.4598339,78.4525504,2,Low,-0.0692452511488915
FATHER BALAIAHNAGAR,784.72,24.574,4655078.404782609,17.08,-24.0,17.50818327,78.49370645,1,Medium,0.0626921515102918
FILM NAGAR,342.04,6.746,6777259.372800001,6.2,-16.0,17.4140574,78.4105031,2,Low,-0.2306092802944657
GACHIBOWLI,1158.12,13.636,13954222.5876,27.2,-27.0,17.4436222,78.3519638,0,High,0.2439577577677228
GAJULARAMARAM,177.24,18.138,4389590.3708,37.88,-26.0,17.5271759,78.4200077,1,Medium,-0.1453927863634457
GANDHINAGAR,241.76,6.03,4324015.2256000005,2.4,-4.0,17.4077928,78.4925707,2,Low,-0.1388307759288533
GANDIMAISAMMA,1.8666666666666667,41.208,513920.73066666664,40.6,-19.0,17.576965000000005,78.421959,1,Medium,0.0921362001640417
GAYATRI NAGAR,473.16,10.565,3621286.4288,16.28,-22.0,17.4566764,78.4035867,1,Medium,-0.1984083462469862
GODE-KI-KABAR,34.52,8.085,3623238.8696,2.235294117647059,-5.0,17.37697615,78.461964,2,Low,-0.1996876823420709
GOLCONDA,10.6,16.898,2438706.0708,2.217391304347826,-15.0,17.3873294,78.4057336,2,Low,-0.3024150417809312
GOWLIGUDA,41.64,11.371000000000002,4228012.159200001,2.388888888888889,-1.0,17.377643,78.4787716,2,Low,-0.0922312095502575
GOWLIPURA,1.7777777777777777,15.780999999999999,1628456.441111111,1.2222222222222223,-8.0,17.3462321,78.4799077,2,Low,-0.2278901276933647
GOWTHAM NAGAR,135.72,6.098,4810109.710399999,4.92,-8.0,17.4539263,78.527344,2,Low,-0.2075736471281178
GUNDLAPOCHAMPALLY,1.0,41.208000000000006,527844.1275,8.0,-26.0,17.568913,78.480271,1,Medium,-0.1130276505493096
GUNFOUNDRY,254.56,5.452000000000001,1997852.9883999997,1.96,-2.0,17.3936441,78.4756654,2,Low,-0.174741707405591
HAFEEZPET,3166.0,26.917999999999996,11324744.9456,11.72,-29.0,17.4834409,78.3611316,0,High,0.5769142803419505
HAKEEMPET,66.56,6.746,7138910.137272728,2.4285714285714284,-16.0,17.4056403,78.4178824,2,Low,-0.3764141912458686
HASMATHPET,359.72,1.67,6817487.7736,11.84,-16.0,17.4758254,78.4847371,2,Low,-0.2532379182543404
HASSAN NAGAR,1.631578947368421,35.473,1659019.6384210526,2.6842105263157894,-22.0,17.336155,78.44363,1,Medium,-0.169130497206162
HOUSING BOARD,31.84,104.50299999999999,3563041.0248000002,8.24,-23.0,17.4922068,78.3973638,1,Medium,0.2203092830202997
HUBSIGUDA,196.36,8.769,7498264.3688,9.12,-15.0,17.41201272,78.54561666,2,Low,-0.2097697384707519
HYDERGUDA,421.28,6.03,6660020.046800001,20.24,-2.0,17.4012791,78.4804894,2,Low,0.0631230702604661
JAGATHGIRIGUTTA,59.2,18.138,3854068.3672,11.16,-20.0,17.4993176,78.4226016,1,Medium,-0.2455790510825048
JAHANUMA,1.6666666666666667,19.652,1171240.7216666667,10.1,-15.0,17.3433524,78.4614644,2,Low,-0.243873723062028
JALPALLY,3.6363636363636362,12.3,3602779.4321052637,115.77272727272727,-16.0,17.3061541,78.4738589,1,Medium,-0.0087829554571085
JANGAMMET,2.1875,15.781,1365806.924375,1.5384615384615385,-13.0,17.336251,78.4744044,2,Low,-0.2935550706868952
JAWAHARNAGAR,4.6,2.693,917805.3535000002,272.35,-5.0,17.437754,78.4845463,1,Medium,-0.0404526743429534
JEEDIMETLA,76.16,10.305,4396772.548,17.6,-18.0,17.519687,78.4468876,2,Low,-0.2669540601109362
JILLELAGUDA,13.4,15.8,242499.40120000002,13.48,-15.0,17.3376801,78.5322366,2,Low,-0.3064489348508463
JUBILEE HILLS,1835.52,6.746,6268769.4804,14.12,-18.0,17.4308362,78.4102882,0,High,0.1883335225810847
KAKATIYA NAGAR,138.28,19.217,2760474.4456,2.4347826086956523,-13.0,17.4785837,78.5406026,2,Low,-0.1682245235860817
KAMALANAGAR,93.96,29.864,4291595.2864,12.36,-22.0,17.4728043,78.566675,1,Medium,-0.094626155749369
KANCHANBAGH,1.8,15.781,1543586.5573333332,1.1818181818181819,-10.0,17.3280563,78.5001695,2,Low,-0.2428616901197215
KARWAN,18.16,8.99,2761119.7808,3.16,-13.0,17.376013,78.4331894,2,Low,-0.3434063463596583
KATEDAN,8.782608695652174,3.218,3580702.474347826,9.347826086956522,-19.0,17.3026835,78.4398207,2,Low,-0.4566240238727762
KISHAN BAGH,2.8947368421052633,19.652,1663892.717368421,3.263157894736842,-15.0,17.3575261,78.44485,2,Low,-0.2676631301819202
KISMATHPUR,493.84,19.578,2845127.5572,59.56,-7.0,17.3343045,78.3936455,2,Low,0.253886312126506
KOMPALLY,2.0,7.296,497912.67266666674,12.133333333333333,-16.0,17.5354868,78.5096979,2,Low,-0.4697066657392621
KONDAPUR,5022.2,13.794,9647802.0244,35.72,-28.0,17.4587912,78.3730556,0,High,0.5455499108937745
KOTHAPETA,93.84,24.0,4734028.548,6.2,-13.0,17.36722283,78.54566838,2,Low,-0.0597725046495869
KPHB,2193.4,48.923,6450554.677894738,10.52,-22.0,17.4939602,78.4008412,0,High,0.7081082057374105
KUKATPALLY,237.56,48.923,5654657.745599999,14.0,-21.0,17.4930841,78.4054408,1,Medium,0.2382326428927588
L.B.NAGAR,59.28,58.971,4903564.504,7.16,-18.0,17.349846,78.5479412,1,Medium,0.3117288468849327
LALAPET,34.16,6.6,2696174.8992000003,2.6,-15.0,17.4388301,78.54187,2,Low,-0.4011674671606689
LANGER HOUSE,18.48,16.898,3102856.9956,5.96,-15.0,17.37331,78.41387,2,Low,-0.2486436133525474
LINGOJIGUDA,59.48,58.971,4973147.14,3.6,-16.0,17.3478809,78.5364577,1,Medium,0.3250263195674565
MACHABOLLARAM,75.2,6.62,3290659.7465217393,26.4,-14.0,17.513866,78.5137342,2,Low,-0.2388144043939522
MADANNAPET,5.782608695652174,15.772000000000002,2413335.3904347825,1.736842105263158,-3.0,17.3585578,78.4971064,2,Low,-0.12286600528605
MADHAPUR,5413.28,10.565,16237270.705999998,64.28,-23.0,17.4408924,78.3916304,0,High,0.7173500349982632
MAILERDEV PALLY,20.12,12.3,3589980.7824,7.92,-25.0,17.31916517,78.44588449,1,Medium,-0.4292530667943414
MALAKPET,25.24,15.772,2739378.0656,1.6521739130434783,-5.0,17.3736706,78.4996484,2,Low,-0.142185446897034
MANIKONDA,1494.36,16.362,1287950.73,64.24,-20.0,17.3999951,78.3861689,1,Medium,0.2852409149541579
MANSOORABAD,156.64,19.847,4385563.3556,44.56,-15.0,17.3541765,78.5652906,1,Medium,-0.0453593187265121
MARREDPALLY,200.0,21.362,3641749.3107999996,6.4,-6.0,17.4507936,78.5048972,2,Low,0.0207925250435313
MARUTHINAGAR,244.76,24.0,3968589.0407999996,2.4,-14.0,17.37349974,78.54268265,2,Low,-0.0554571217099945
MEERPET,98.4,59.023,801398.2054166667,9.28,-24.0,17.4546432,78.5715499,1,Medium,0.1480424354046742
MEHIDIPATNAM,148.64,3.3139999999999996,3750248.4324000003,6.56,-16.0,17.39994392,78.43451065,2,Low,-0.3705798960608987
METTUGUDA,41.56,21.362,2098856.6084000003,2.2,-7.0,17.4355036,78.5195573,2,Low,-0.1109175064652054
MISRIGUNJ,2.888888888888889,19.652,1175843.9283333335,1.7857142857142858,-12.0,17.35010121,78.4593939,2,Low,-0.2310238177307569
MIYAPUR,533.92,15.663,8845452.5096,14.52,-27.0,17.4981608,78.3567628,1,Medium,-0.06762582420475
MOGHULPURA,3.227272727272727,19.652,2859228.946818182,3.6315789473684212,-3.0,17.3595023,78.4767749,2,Low,-0.0573227026593465
MOOSAPET,299.0,9.201,7442010.9064,8.2,-16.0,17.4685307,78.4206695,2,Low,-0.1648306971779669
MOOSARAMBAGH,151.24,15.772,5973484.918400001,3.92,-6.0,17.3743532,78.5160835,2,Low,-0.0299065748531601
MOTI NAGAR,199.2,7.86,3377698.1172,4.52,-17.0,17.4508069,78.422242,2,Low,-0.3263046851692405
MUSHEERABAD,158.48,8.752,9623268.8636,3.24,-5.0,17.4191423,78.4985732,2,Low,-0.0107532416037931
MYSARAM,2.0,15.781,2131284.9531249995,8.0625,-13.0,17.31818641,78.4836178,2,Low,-0.2640806589282088
NACHARAM,128.8,6.6,6952857.822,12.2,-12.0,17.4284936,78.5528098,2,Low,-0.1771709483928185
NAGARAM,2.5416666666666665,28.935999999999996,2016328.2777272726,26.041666666666668,-18.0,17.4910113,78.613677,1,Medium,-0.0678755045612722
NAGOLE,18.52,15.552,4355499.3956,13.36,-12.0,17.3775306,78.5601231,2,Low,-0.1556970554629065
NALLAGANDLA,5.0,58.481,9554666.895652173,15.434782608695652,-12.0,17.4774828,78.3060359,1,Medium,0.482717438598594
NALLAGUTTA,47.52,2.693,2253408.7967999997,2.48,-5.0,17.4384334,78.4825328,2,Low,-0.3160537895050304
NARAYANGUDA,315.08,4.994,5011435.9744,2.8,-2.0,17.3981159,78.4885006,2,Low,-0.0789111100983315
NGO COLONY,60.32,12.208999999999998,3552773.964,2.72,-14.0,17.327964,78.5657291,2,Low,-0.2838128955278931
NIZAMPET,1852.52,48.923,713690.1419999999,12.32,-22.0,17.4945061,78.4000017,1,Medium,0.5897952776645716
OLD MALLEPALLY,28.48,8.085,1375756.044,2.5217391304347827,-4.0,17.38672227,78.45715718,2,Low,-0.2545255432722261
PATHANCHERU,1.4,19.5808,4685580.657333333,7.133333333333334,0.0,17.528922414,78.26753021466666,2,Low,0.019054910933324
PATHERGATTI,3.411764705882353,11.371,2322244.2723529413,2.9411764705882355,-2.0,17.3659836,78.4754866,2,Low,-0.1720463150800991
PEDDA AMBERPET,1.95,102.918,3059183.467,31.4,-15.0,17.3172848,78.6384505,1,Medium,0.4244241067105161
PEERJADIGUDA,239.8,19.598,2755925.8408333333,47.72,-16.0,17.4078747,78.6022666,1,Medium,-0.0094999599291803
POCHARAM,1.9375,10.471,2942797.82625,15.25,-4.0,17.1766905,78.6024034,2,Low,-0.1590260974983519
PRAGATHINAGAR,1537.44,23.95,880197.9404166667,7.72,-12.0,17.3985199,78.5411934,2,Low,0.3469571063309603
PRAKASHNAGAR,138.96,2.693,6340338.4312,5.76,-7.0,17.4426888,78.4705479,2,Low,-0.2111372369793946
RADHIKA,107.8,13.556,5535874.5936,12.76,-21.0,17.4771342,78.563299,1,Medium,-0.2515144571254774
RAMACHANDRAPURAM,7.4,48.466,3704826.812,3.56,-4.0,17.5086345,78.3018685,2,Low,0.3125344602199861
RAMANTHAPUR,131.0,23.95,8758947.134399999,12.68,-11.0,17.3885044,78.5371677,2,Low,0.0584549917251023
REGIMENTAL BAZAR,107.16,8.752,2240197.068,0.9090909090909091,-7.0,17.4348324,78.5012557,2,Low,-0.2451048897844025
RIYASATH NAGAR,1.4285714285714286,16.898,1856599.4207142857,2.3846153846153846,-14.0,17.3890675,78.4053603,2,Low,-0.2848148476829065
S.P.R HILLS,152.72,7.86,4108624.5155999996,5.88,-17.0,17.44677645,78.41047092,2,Low,-0.3189999969318284
S.R.NAGAR,1446.56,44.338,3977182.9164,6.16,-11.0,17.4417071,78.4416081,1,Medium,0.588847598438052
SAHEBNAGAR,190.48,15.067,6853725.123199999,31.12,-7.0,17.3206264,78.5769132,2,Low,0.1223495196273811
SAIBABA NAGAR,83.76,9.201,2468464.4136,14.36,-16.0,17.4507229,78.4100017,2,Low,-0.3116137599344736
SAIDABAD,52.2,15.772,3749204.808,2.8260869565217392,-7.0,17.359533,78.5147979,2,Low,-0.1308789767702749
SAINATHPURAM,159.76,54.763000000000005,5088732.3288,13.6,-16.0,17.475693,78.5515621,1,Medium,0.3606181694146603
SANTOSHNAGAR,4.434782608695652,15.772000000000002,2877444.3582608695,2.260869565217391,-9.0,17.3467185,78.5081947,2,Low,-0.2056991895225438
SAROORNAGAR,240.6,58.971,5321226.8776,13.36,-13.0,17.3611655,78.5387443,1,Medium,0.4773616040032285
SEETHAPALMANDI,97.92,12.052,3168834.1295999996,2.88,-8.0,17.42575754,78.51990379,2,Low,-0.1940267733144101
SHAIKPET,500.76,6.746,7691342.9376,12.84,-18.0,17.4057955,78.4006536,2,Low,-0.1436923994665192
SHAMSHABAD,1.5,13.167,966452.1775,18.25,-12.0,17.257207,78.3451039,2,Low,-0.3282908991947696
SHAPOORNAGAR,274.6,10.305,3266656.1512,7.76,-19.0,17.51707481,78.44358688,2,Low,-0.2831007101896954
SHIVAM,129.8,46.221,4721409.522799999,4.96,-11.0,17.3367947,78.6028951,1,Medium,0.2527395836158451
SOMAJIGUDA,1015.28,34.86,4005371.5464,3.2,-6.0,17.4255053,78.4585197,2,Low,0.4804051040559601
SRINIVAS NAGAR,141.6,44.338,3164681.3868,1.6956521739130435,-9.0,17.4402595,78.4451055,2,Low,0.2200218074304519
SUCHITRA,238.96,24.574,9595161.5864,8.84,-29.0,17.5024582,78.4839794,1,Medium,-0.1303162236822786
SULEMAN NAGAR,47.56,58.82,2650869.9144,5.16,-15.0,17.3486936,78.4231173,1,Medium,0.2840682470924085
SULTAN BAZAR,182.92,11.371000000000002,2856511.5912,1.72,-2.0,17.3870437,78.4869648,2,Low,-0.0988077002328972
SURARAM,72.16,18.138,4666881.8952,6.72,-23.0,17.5360946,78.4186386,1,Medium,-0.2857950246691879
TAPPA CHABUTRA,6.809523809523809,8.085,1291773.4866666668,2.4285714285714284,-9.0,17.37851781,78.44605499,2,Low,-0.3412856520701227
TARNAKA,417.48,6.6,3646299.646,2.6363636363636362,-11.0,17.4285479,78.5379433,2,Low,-0.1713143046849962
TELLAPUR,1.0,15.189,1360290.6525,2.25,-16.0,17.4503205,78.3009176,2,Low,-0.3523190367909984
THATTIKHANA,875.36,29.461,6835843.8275999995,12.04,-13.0,17.36836805,78.60318365,1,Medium,0.3482623761209724
THOOMKUNTA,1.4285714285714286,6.3,373661.58428571426,14.285714285714286,-20.0,17.56022794,78.55835135,2,Low,-0.5324146883488671
THUKKUGUDA,1.1666666666666667,14.208999999999998,1908123.7033333334,20.25,-6.0,17.2144718,78.4766647,2,Low,-0.1421741807274615
TOLI CHOWK,214.44,6.746,2746415.148,9.08,-16.0,17.39951708,78.41474424,2,Low,-0.313594337861849
TURKAYAMJAL,2.260869565217391,10.471,1795824.5995652173,59.21739130434783,-7.0,17.2691643,78.5771279,2,Low,-0.0452251826029695
UPPAL,134.68,16.385,6337073.11,19.16,-12.0,17.4025091,78.5612562,2,Low,-0.0385490186702572
USHODAYA,59.32,8.085,3113499.6636,8.56,-12.0,17.384909,78.4388101,2,Low,-0.2901600511013763
VAISHALINAGAR,69.8,15.8,6356652.3867999995,12.88,-15.0,17.33896915,78.54402441,2,Low,-0.1299295180402384
VAJPAYEE NAGAR,50.48,24.574,3690684.0715999994,4.64,-22.0,17.493544,78.45891297,1,Medium,-0.2318170738461513
VANASTHALIPURAM,146.36,12.208999999999998,5103798.6136,5.96,-14.0,17.3303179,78.568278,2,Low,-0.1977556653176146
VATTEPALLY,2.2,19.652,1211707.901,29.833333333333332,-20.0,17.3305423,78.4621512,1,Medium,-0.2819898824792374
VENGALRAONAGAR,712.2,44.338,6068513.5076,4.2,-10.0,17.44217609,78.43833258,1,Medium,0.471159242378761
VENKATAPURAM,105.28,40.761,3335812.2227999996,8.84,-19.0,17.496189,78.5043108,1,Medium,0.0515783407320446
VIGYANPURI,46.6,4.994,1809771.1840000001,2.88,-7.0,17.40300365,78.51134135,2,Low,-0.3229012627036053
VIJAYNAGAR COLONY,343.84,15.8,4049255.1552,2.96,-17.0,17.3442548,78.5412895,2,Low,-0.1634846940911635
VINAY NAGAR,18.04,15.772,2666996.304,1.2173913043478262,-8.0,17.3515414,78.5111106,2,Low,-0.1917387689935495
VIVEKANANDA NAGAR,153.16,58.971,7395481.421600001,5.92,-8.0,17.3627254,78.5293456,1,Medium,0.4939983124553642
YAKATPURA,2.9375,15.772,2655135.50375,1.3636363636363635,-2.0,17.35909339,78.4853164,2,Low,-0.0969140304138011
YAPRAL,71.52,12.503,3548974.78,31.48,-8.0,17.5030543,78.5407976,2,Low,-0.0482838660978486
YELLAMMABANDA,334.76,48.923,3808856.0327999997,16.88,-28.0,17.5102678,78.4070824,1,Medium,0.1808769219663591
YELLAREDDYGUDA,591.6,44.338,7324962.788,6.48,-11.0,17.4333135,78.4415476,1,Medium,0.4634369188088365
ZIAGUDA,4.2727272727272725,14.06,2045179.65,3.05,-12.0,17.3658951,78.4503072,2,Low,-0.2826964931452376
