section,water_stress_score_v3,latitude,longitude,risk_tier
ADARSHNAGAR,-0.24241903864720846,17.40454698,78.4735839,Low
ADIBATLA,-0.32376901747959747,17.230899,78.5558997,Low
ADIKMET,-0.22039280808912973,17.4095495,78.5130943,Low
AHMED NAGAR,-0.37750021315206206,17.404066,78.4442286,Low
ALIABAD,-0.18307411866619272,17.34563,78.4726799,Low
ALKAPURI,0.10489072567041002,17.3662342,78.5549781,High
ALLABANDA,-0.250334940933616,17.3803134,78.4577022,Low
ALWAL,-0.36101612152508467,17.5022292,78.5088584,Low
AMBERPET,-0.24912033385327786,17.3861776,78.5114709,Low
AMEENPUR,-0.34134790089999634,17.5236905,78.3317297,Low
ASIF NAGAR,-0.24578747774643964,17.3857483,78.4505083,Low
ASMANGARH,-0.10919867049185072,17.36850993,78.5142955,Medium
ATTAPUR,-0.1994196394811056,17.3672244,78.4307278,Low
AUTONAGAR,0.4341418468086634,17.3356141,78.5792031,High
AZAMABAD,-0.13196493434914197,17.4040194,78.5043767,Low
AZAMPURA,-0.173810499740551,17.3761935,78.490874,Low
B.N.REDDY NAGAR,-0.20786144646231322,17.321914,78.5597937,Low
BACHUPALLY,0.20553996206384034,17.536648,78.3644736,High
BADANGPET,-0.07709059850016475,17.3383467,78.5222127,Medium
BAGH LINGAMPALLY,-0.22887971860331707,17.3974359,78.4979706,Low
BAHADURPURA,-0.20087156148150376,17.3570672,78.4545419,Low
BALAJINAGAR,0.16935820247279437,17.5149256,78.560679,High
BALANAGAR,0.3336982573697304,17.4768224,78.4219645,High
BALAPUR,-0.2745411482940645,17.307521,78.5053298,Low
BANDLAGUDA,-0.009449777867619101,17.3714879,78.5727265,Medium
BANJARA HILLS,0.7761491724719707,17.4177464,78.4399014,High
BARKATPURA,-0.1763721713530969,17.3926121,78.4969683,Low
BEERAMGUDA,0.3302016136681736,17.5091218,78.3004614,High
BHAGATSINGH NAGAR,0.108473102308977,17.49324711,78.38735077,High
BHAGYANAGAR,0.2724986101345748,17.4076662,78.4957155,High
BHARATHNAGAR,-0.13900468702665772,17.3478913,78.55648,Low
BODUPPAL,0.1400502055462372,17.3988408,78.5366218,High
BOGULKUNTA,-0.14599351389641574,17.3920372,78.4801852,Low
BOIGUDA,-0.19652420018310313,17.4286363,78.4969962,Low
BOLLARAM,-0.5234559933237309,17.5065065,78.3623994,Low
BORABANDA,-0.392372031476027,17.4590687,78.4078664,Low
BOUDHANAGAR,-0.2278985496886556,17.4160319,78.517419,Low
BUDVEL,-0.10411532617382868,17.33298,78.406191,Medium
CHANCHALGUDA,-0.11627113409012413,17.3673732,78.4965799,Medium
CHANDA NAGAR,-0.2587085442998709,17.4534764,78.3943669,Low
CHANUDLAL BHARADARI,-0.1551225165382213,17.35207924,78.45954822,Low
CHANUKYAPURI,-0.07121805400712626,17.35903321,78.56173376,Medium
CHEERYAL,0.08767858612905804,17.51740026,78.62880731,High
CHERLAPALLY,0.07043855118908901,17.4687455,78.6024858,Medium
CHINTAL,-0.3605162111289582,17.5021756,78.440609,Low
CHINTAL BASTHI,-0.26659451702509623,17.4073576,78.4567152,Low
DARUL SHIFA,-0.1777045807571578,17.366904,78.481078,Low
DEEPTHISRI NAGAR,-0.274311523333365,17.5006656,78.33937201,Low
DEFENCE COLONY,0.32171567205882673,17.3176682,78.6117136,High
DHAMMAIGUDA,0.4439019839126136,17.49890693,78.59838586,High
DHOOD BOWLI,-0.19302858770199605,17.3588657,78.4654008,Low
DILSHUKNAGAR,0.4577971912220498,17.3710329,78.5254623,High
DOMALGUDA,-0.183256528065839,17.4078455,78.4850003,Low
ERRAGADDA,-0.12665065050327237,17.4487999,78.4356074,Medium
FATHENAGAR,-0.06924525114889159,17.4598339,78.4525504,Medium
FATHER BALAIAHNAGAR,0.06269215151029185,17.50818327,78.49370645,Medium
FILM NAGAR,-0.23060928029446578,17.4140574,78.4105031,Low
GACHIBOWLI,0.24395775776772285,17.4436222,78.3519638,High
GAJULARAMARAM,-0.14539278636344574,17.5271759,78.4200077,Low
GANDHINAGAR,-0.1388307759288533,17.4077928,78.4925707,Low
GANDIMAISAMMA,0.09213620016404171,17.576965,78.421959,High
GAYATRI NAGAR,-0.19840834624698622,17.4566764,78.4035867,Low
GODE-KI-KABAR,-0.1996876823420709,17.37697615,78.461964,Low
GOLCONDA,-0.30241504178093126,17.3873294,78.4057336,Low
GOWLIGUDA,-0.09223120955025754,17.377643,78.4787716,Medium
GOWLIPURA,-0.2278901276933647,17.3462321,78.4799077,Low
GOWTHAM NAGAR,-0.20757364712811788,17.4539263,78.527344,Low
GUNDLAPOCHAMPALLY,-0.11302765054930965,17.568913,78.480271,Medium
GUNFOUNDRY,-0.174741707405591,17.3936441,78.4756654,Low
HAFEEZPET,0.5769142803419505,17.4834409,78.3611316,High
HAKEEMPET,-0.37641419124586867,17.4056403,78.4178824,Low
HASMATHPET,-0.25323791825434044,17.4758254,78.4847371,Low
HASSAN NAGAR,-0.16913049720616202,17.336155,78.44363,Low
HOUSING BOARD,0.2203092830202997,17.4922068,78.3973638,High
HUBSIGUDA,-0.2097697384707519,17.41201272,78.54561666,Low
HYDERGUDA,0.06312307026046612,17.4012791,78.4804894,Medium
JAGATHGIRIGUTTA,-0.24557905108250488,17.4993176,78.4226016,Low
JAHANUMA,-0.24387372306202806,17.3433524,78.4614644,Low
JALPALLY,-0.008782955457108572,17.3061541,78.4738589,Medium
JANGAMMET,-0.29355507068689524,17.336251,78.4744044,Low
JAWAHARNAGAR,-0.04045267434295349,17.437754,78.4845463,Medium
JEEDIMETLA,-0.26695406011093625,17.519687,78.4468876,Low
JILLELAGUDA,-0.3064489348508463,17.3376801,78.5322366,Low
JUBILEE HILLS,0.18833352258108477,17.4308362,78.4102882,High
KAKATIYA NAGAR,-0.16822452358608175,17.4785837,78.5406026,Low
KAMALANAGAR,-0.09462615574936901,17.4728043,78.566675,Medium
KANCHANBAGH,-0.24286169011972153,17.3280563,78.5001695,Low
KARWAN,-0.34340634635965833,17.376013,78.4331894,Low
KATEDAN,-0.4566240238727762,17.3026835,78.4398207,Low
KISHAN BAGH,-0.2676631301819202,17.3575261,78.44485,Low
KISMATHPUR,0.25388631212650603,17.3343045,78.3936455,High
KOMPALLY,-0.4697066657392621,17.5354868,78.5096979,Low
KONDAPUR,0.5455499108937745,17.4587912,78.3730556,High
KOTHAPETA,-0.059772504649586965,17.36722283,78.54566838,Medium
KPHB,0.7081082057374105,17.4939602,78.4008412,High
KUKATPALLY,0.2382326428927588,17.4930841,78.4054408,High
L.B.NAGAR,0.31172884688493274,17.349846,78.5479412,High
LALAPET,-0.4011674671606689,17.4388301,78.54187,Low
LANGER HOUSE,-0.24864361335254742,17.37331,78.41387,Low
LINGOJIGUDA,0.3250263195674565,17.3478809,78.5364577,High
MACHABOLLARAM,-0.2388144043939522,17.513866,78.5137342,Low
MADANNAPET,-0.12286600528605007,17.3585578,78.4971064,Medium
MADHAPUR,0.7173500349982632,17.4408924,78.3916304,High
MAILERDEV PALLY,-0.42925306679434144,17.31916517,78.44588449,Low
MALAKPET,-0.14218544689703408,17.3736706,78.4996484,Low
MANIKONDA,0.2852409149541579,17.3999951,78.3861689,High
MANSOORABAD,-0.045359318726512166,17.3541765,78.5652906,Medium
MARREDPALLY,0.020792525043531303,17.4507936,78.5048972,Medium
MARUTHINAGAR,-0.05545712170999451,17.37349974,78.54268265,Medium
MEERPET,0.14804243540467427,17.4546432,78.5715499,High
MEHIDIPATNAM,-0.37057989606089875,17.39994392,78.43451065,Low
METTUGUDA,-0.11091750646520547,17.4355036,78.5195573,Medium
MISRIGUNJ,-0.23102381773075692,17.35010121,78.4593939,Low
MIYAPUR,-0.06762582420475001,17.4981608,78.3567628,Medium
MOGHULPURA,-0.05732270265934652,17.3595023,78.4767749,Medium
MOOSAPET,-0.16483069717796692,17.4685307,78.4206695,Low
MOOSARAMBAGH,-0.029906574853160173,17.3743532,78.5160835,Medium
MOTI NAGAR,-0.32630468516924055,17.4508069,78.422242,Low
MUSHEERABAD,-0.010753241603793142,17.4191423,78.4985732,Medium
MYSARAM,-0.26408065892820887,17.31818641,78.4836178,Low
NACHARAM,-0.1771709483928185,17.4284936,78.5528098,Low
NAGARAM,-0.0678755045612722,17.4910113,78.613677,Medium
NAGOLE,-0.1556970554629065,17.3775306,78.5601231,Low
NALLAGANDLA,0.48271743859859406,17.4774828,78.3060359,High
NALLAGUTTA,-0.3160537895050304,17.4384334,78.4825328,Low
NARAYANGUDA,-0.07891111009833157,17.3981159,78.4885006,Medium
NGO COLONY,-0.2838128955278931,17.327964,78.5657291,Low
NIZAMPET,0.5897952776645716,17.4945061,78.4000017,High
OLD MALLEPALLY,-0.2545255432722261,17.38672227,78.45715718,Low
PATHANCHERU,0.019054910933324024,17.5286092,78.2674254,Medium
PATHERGATTI,-0.1720463150800991,17.3659836,78.4754866,Low
PEDDA AMBERPET,0.4244241067105161,17.3172848,78.6384505,High
PEERJADIGUDA,-0.009499959929180379,17.4078747,78.6022666,Medium
POCHARAM,-0.1590260974983519,17.1766905,78.6024034,Low
PRAGATHINAGAR,0.3469571063309603,17.3985199,78.5411934,High
PRAKASHNAGAR,-0.2111372369793946,17.4426888,78.4705479,Low
RADHIKA,-0.2515144571254774,17.4771342,78.563299,Low
RAMACHANDRAPURAM,0.31253446021998615,17.5086345,78.3018685,High
RAMANTHAPUR,0.05845499172510236,17.3885044,78.5371677,Medium
REGIMENTAL BAZAR,-0.24510488978440256,17.4348324,78.5012557,Low
RIYASATH NAGAR,-0.2848148476829065,17.3890675,78.4053603,Low
S.P.R HILLS,-0.3189999969318284,17.44677645,78.41047092,Low
S.R.NAGAR,0.588847598438052,17.4417071,78.4416081,High
SAHEBNAGAR,0.12234951962738115,17.3206264,78.5769132,High
SAIBABA NAGAR,-0.31161375993447366,17.4507229,78.4100017,Low
SAIDABAD,-0.1308789767702749,17.359533,78.5147979,Low
SAINATHPURAM,0.3606181694146603,17.475693,78.5515621,High
SANTOSHNAGAR,-0.20569918952254387,17.3467185,78.5081947,Low
SAROORNAGAR,0.4773616040032285,17.3611655,78.5387443,High
SEETHAPALMANDI,-0.19402677331441015,17.42575754,78.51990379,Low
SHAIKPET,-0.1436923994665192,17.4057955,78.4006536,Low
SHAMSHABAD,-0.3282908991947696,17.257207,78.3451039,Low
SHAPOORNAGAR,-0.28310071018969546,17.51707481,78.44358688,Low
SHIVAM,0.25273958361584514,17.3367947,78.6028951,High
SOMAJIGUDA,0.4804051040559601,17.4255053,78.4585197,High
SRINIVAS NAGAR,0.22002180743045197,17.4402595,78.4451055,High
SUCHITRA,-0.13031622368227866,17.5024582,78.4839794,Low
SULEMAN NAGAR,0.2840682470924085,17.3486936,78.4231173,High
SULTAN BAZAR,-0.09880770023289723,17.3870437,78.4869648,Medium
SURARAM,-0.28579502466918794,17.5360946,78.4186386,Low
TAPPA CHABUTRA,-0.34128565207012274,17.37851781,78.44605499,Low
TARNAKA,-0.1713143046849962,17.4285479,78.5379433,Low
TELLAPUR,-0.35231903679099846,17.4503205,78.3009176,Low
THATTIKHANA,0.34826237612097244,17.36836805,78.60318365,High
THOOMKUNTA,-0.5324146883488671,17.56022794,78.55835135,Low
THUKKUGUDA,-0.14217418072746152,17.2144718,78.4766647,Low
TOLI CHOWK,-0.31359433786184904,17.39951708,78.41474424,Low
TURKAYAMJAL,-0.04522518260296957,17.2691643,78.5771279,Medium
UPPAL,-0.038549018670257285,17.4025091,78.5612562,Medium
USHODAYA,-0.2901600511013763,17.384909,78.4388101,Low
VAISHALINAGAR,-0.12992951804023842,17.33896915,78.54402441,Low
VAJPAYEE NAGAR,-0.23181707384615138,17.493544,78.45891297,Low
VANASTHALIPURAM,-0.19775566531761463,17.3303179,78.568278,Low
VATTEPALLY,-0.2819898824792374,17.3305423,78.4621512,Low
VENGALRAONAGAR,0.47115924237876106,17.44217609,78.43833258,High
VENKATAPURAM,0.051578340732044606,17.496189,78.5043108,Medium
VIGYANPURI,-0.3229012627036053,17.40300365,78.51134135,Low
VIJAYNAGAR COLONY,-0.16348469409116353,17.3442548,78.5412895,Low
VINAY NAGAR,-0.19173876899354952,17.3515414,78.5111106,Low
VIVEKANANDA NAGAR,0.49399831245536424,17.3627254,78.5293456,High
YAKATPURA,-0.09691403041380116,17.35909339,78.4853164,Medium
YAPRAL,-0.048283866097848634,17.5030543,78.5407976,Medium
YELLAMMABANDA,0.1808769219663591,17.5102678,78.4070824,High
YELLAREDDYGUDA,0.46343691880883653,17.4333135,78.4415476,High
ZIAGUDA,-0.28269649314523765,17.3658951,78.4503072,Low
