section,nearest_station,distance_km
ADARSHNAGAR,"Fever Hospital, Nallakunta",1.2877023347597003
ADIKMET,Musheerabad_1,1.3892922515180874
AHMED NAGAR,Himayanagar,0.7229307122327876
ALIABAD,Bahadurpura_1,1.6685762621267453
ALKAPURI,Kothapet_2,0.9975455306443084
ALLABANDA,"Govt. Polytechnic,  Masab Tank.",0.8873199580034861
ALWAL,Alwal_2,0.7149512038247493
ASIF NAGAR,"Govt. Polytechnic,  Masab Tank.",0.41198673554154047
ASMANGARH,Juvinile Home,1.069449681706659
ATTAPUR,Attapur_3,0.6008886847222619
AUTONAGAR,Autonagar_1,0.33669154209555474
AZAMABAD,Indira Park,1.0211375740582187
B.N.REDDY NAGAR,Vanasthalipuram_1,1.7698415233066074
BACHUPALLY,Bachupally,1.81275238998825
BADANGPET,Kharmanghat,1.317202718290377
BAGH LINGAMPALLY,Indira Park,0.13087599687265417
BAHADURPURA,Bahadurpura_1,0.7680137137038763
BALAJINAGAR,Barsapet,2.3798853077943023
BALANAGAR,Kukatpalli,1.300719743759052
BANJARA HILLS,"Cme Premises, Chinthalbasti",1.5807916938830637
BARKATPURA,Indira Park,0.6147876086601547
BEERAMGUDA,Ramachandrapuram_1,0.06632126540635651
BHAGATSINGH NAGAR,TSGWD_1387,1.6900544021384774
BHAGYANAGAR,Indira Park,1.0676582136681723
BHARATHNAGAR,Mansoorabad_1,1.3303359933941963
BODUPPAL,Ramanthapur_1,0.5691608855001057
BOGULKUNTA,Nampally_1,1.0213127582153712
BOIGUDA,"Govt.Jr.College,West Maredpally",0.9319170419537529
BORABANDA,Shaktinagar  Moosapet,2.2151367301403004
BOUDHANAGAR,Musheerabad_1,0.8780329565888936
BUDVEL,Rajendranagar_2,0.649157195105005
CHANCHALGUDA,Juvinile Home,1.4039657535142216
CHANDA NAGAR,Kishanbag And Pooranapool 2,1.6030401960534992
CHANUKYAPURI,Mansoorabad_1,0.5960150870503782
CHERLAPALLY,TSGWD_1383,0.9180710355758095
CHINTAL,Shapur_2,1.1311179077210562
CHINTAL BASTHI,Himayanagar,1.6272613845793593
DARUL SHIFA,Darul Shifa,1.6217227855550083
DEEPTHISRI NAGAR,Miyapur_1,1.0917676782119712
DEFENCE COLONY,Hayathnagar_1,1.4151495057187038
DHAMMAIGUDA,Bjr Colony,2.3244268211823513
DHOOD BOWLI,Bahadurpura_1,1.1755549483995957
DILSHUKNAGAR,Saroornagar_1,1.8410917047151951
DOMALGUDA,"Fever Hospital, Nallakunta",0.15388219316242355
ERRAGADDA,"Stdc Chest Hospital,  Erragadda",0.43954215828608406
FATHENAGAR,"Stdc Chest Hospital,  Erragadda",2.1494884118412627
FATHER BALAIAHNAGAR,Jeedimetla/Peta Basheerabad,1.866377877163364
FILM NAGAR,"Vengal Rao Park, Srinagar Colony",0.5280142568455932
GACHIBOWLI,Gachibowli_1,0.27249934805811615
GAJULARAMARAM,Quthbullapur_1,2.4250131298998485
GANDHINAGAR,"Fever Hospital, Nallakunta",0.8498160907093147
GAYATRI NAGAR,Kishanbag And Pooranapool 2,2.485459520151137
GODE-KI-KABAR,"Govt. Polytechnic,  Masab Tank.",1.4361207185345455
GOLCONDA,Tarnaka_1,2.230394687374306
GOWLIGUDA,Darul Shifa,0.7590739841676079
GOWTHAM NAGAR,Mahendrahills,1.1017133042927965
GUNFOUNDRY,Nampally_1,0.9772907517877633
HAFEEZPET,Hafeezpet_1,0.611956674795932
HAKEEMPET,"Vengal Rao Park, Srinagar Colony",0.8576726981409165
HASMATHPET,Hasmathpet_1,0.2907381636153432
HASSAN NAGAR,Bagh Amberpet,1.8799397235644772
HOUSING BOARD,TSGWD_1387,1.234585811734418
HUBSIGUDA,Velugu Gutta-14,0.577853349656761
HYDERGUDA,"Fever Hospital, Nallakunta",0.987397642766017
JAGATHGIRIGUTTA,Quthbullapur_1,0.8850666201940882
JALPALLY,Mailardevpally,3.1456402318077954
JAWAHARNAGAR,"Sanjeevaiah Park, Hussian Sagar.",0.30670429192277027
JEEDIMETLA,Shapur_2,0.9309536305787952
JILLELAGUDA,Kharmanghat,0.25650779980410243
JUBILEE HILLS,"Vengal Rao Park, Srinagar Colony",2.0584690868188593
KAKATIYA NAGAR,Malkajgiri,0.7162288951891046
KAMALANAGAR,Moulali_1,1.275609021698163
KARWAN,Attapur_3,0.4106727132696615
KATEDAN,Aliyabad_1,0.6690982234398102
KISMATHPUR,Himayath Sagar,1.7107305890274187
KOMPALLY,Thurkapally Gate,1.008398187209101
KONDAPUR,Panjesha 1&2,0.2652492966940483
KOTHAPETA,Kothapet_2,0.7048167498487634
KPHB,Kphb,1.4187957610282307
KUKATPALLY,Kphb,1.0724992978320165
L.B.NAGAR,Saroornagar_1,1.580941701275815
LALAPET,Nacharam_2,1.4732021790559153
LANGER HOUSE,Tarnaka_1,0.6337314616715146
LINGOJIGUDA,Saroornagar_1,1.0670636801361097
MACHABOLLARAM,Alwal_2,1.8949027417498168
MADANNAPET,Juvinile Home,1.1876024159818255
MADHAPUR,Kishanbag And Pooranapool 2,0.49120652251194585
MAILERDEV PALLY,Mailardevpally,0.4698075726616729
MALAKPET,Juvinile Home,1.6645054160166033
MANIKONDA,Raidurgam,2.219696472948425
MANSOORABAD,Mansoorabad_1,0.1790031666178037
MARREDPALLY,Maredpally(S),1.1727484346501373
MARUTHINAGAR,Kothapet_2,0.6384835802281633
MEERPET,Moula-Ali,1.290972431051151
MEHIDIPATNAM,Himayanagar,1.1680152865542992
METTUGUDA,Maredpally(S),1.2758736680529725
MIYAPUR,Gudimalkapur_1,0.6920578640628894
MOGHULPURA,Bahadurpura_1,2.2055332096206723
MOOSAPET,Shaktinagar  Moosapet,0.9353977651182606
MOOSARAMBAGH,Juvinile Home,1.7148140480928131
MOTI NAGAR,"Stdc Chest Hospital,  Erragadda",1.2440313496321287
MUSHEERABAD,"Govt.Jr.College,West Maredpally",1.1463651687676142
MYSARAM,Chandraingutta,1.6476958214615125
NACHARAM,Nacharam_2,0.32449477954184264
NAGARAM,TSGWD_1383,2.567027797544821
NAGOLE,Nagole_1,0.06815641136690039
NALLAGANDLA,Serilingampally_2,1.6130928775700097
NALLAGUTTA,"Sanjeevaiah Park, Hussian Sagar.",0.3390814753778712
NARAYANGUDA,Indira Park,0.9000528707170147
NGO COLONY,Vanasthalipuram_1,0.8949681153553335
NIZAMPET,Kphb,1.4738421583646117
OLD MALLEPALLY,"Govt. Polytechnic,  Masab Tank.",0.9523300913946917
PEDDA AMBERPET,TSGWD_1593,2.6435547924403564
PEERJADIGUDA,Pirjadiguda (Medipally),0.2365656996992361
PRAGATHINAGAR,Ramanthapur_1,1.0503677694041405
PRAKASHNAGAR,"Sanjeevaiah Park, Hussian Sagar.",1.5495530491402172
RADHIKA,Kapra_1,1.1658791236085335
RAMACHANDRAPURAM,Ramachandrapuram_1,0.09557754287385385
RAMANTHAPUR,Ramanthapur_1,1.2449757328706552
REGIMENTAL BAZAR,"Govt.Jr.College,West Maredpally",0.9885492247448349
S.P.R HILLS,"Stdc Chest Hospital,  Erragadda",2.5574149242973965
S.R.NAGAR,S.R.Nagar,0.25452724766550033
SAHEBNAGAR,Sahednagar Colony,0.7568309412781493
SAIBABA NAGAR,Shaktinagar  Moosapet,2.421781785827767
SAIDABAD,Juvinile Home,0.7396705239140373
SAINATHPURAM,Neredmet,1.4553273885910343
SANTOSHNAGAR,Juvinile Home,1.5881647850586678
SAROORNAGAR,Saroornagar_1,0.5520947742575626
SEETHAPALMANDI,Musheerabad_1,0.9368641245918163
SHAIKPET,"Vengal Rao Park, Srinagar Colony",1.7508518793141108
SHAPOORNAGAR,Shapur_2,0.6195662593342735
SHIVAM,Hayathnagar_1,0.9159225055940103
SOMAJIGUDA,"Cme Premises, Chinthalbasti",0.9293167189921647
SRINIVAS NAGAR,S.R.Nagar,0.2628343478465073
SUCHITRA,Jeedimetla/Peta Basheerabad,1.076076650032792
SULEMAN NAGAR,Golconda  Mandal,1.4972536299991923
SULTAN BAZAR,Darul Shifa,0.7036288228634776
SURARAM,Quthbullapur_1,3.4195628595477934
TAPPA CHABUTRA,"Govt. Polytechnic,  Masab Tank.",0.549815168371337
TARNAKA,Nacharam_2,1.6636485417713314
TELLAPUR,Gaganmahal,1.1016701756571496
THATTIKHANA,Fathulaguda,3.0783827090511813
THUKKUGUDA,Mankal_1,1.8335747333511332
TOLI CHOWK,"Vengal Rao Park, Srinagar Colony",1.4965917250341114
TURKAYAMJAL,Turkayamjal,1.6093212140832036
UPPAL,Uppal Ghmc,0.07953883778732819
USHODAYA,"Govt. Polytechnic,  Masab Tank.",1.181771449555336
VAISHALINAGAR,Kharmanghat,1.0033388902336253
VAJPAYEE NAGAR,Jeedimetla/Peta Basheerabad,2.47336788229656
VANASTHALIPURAM,Vanasthalipuram_1,0.5688498460003937
VENGALRAONAGAR,S.R.Nagar,0.5925582490660364
VENKATAPURAM,TSGWD_1374,0.47236769417095004
VIGYANPURI,Indira Park,1.616616329430738
VIJAYNAGAR COLONY,Kharmanghat,0.9872672159754199
VINAY NAGAR,Juvinile Home,1.102344414827306
VIVEKANANDA NAGAR,Saroornagar_1,0.8672955202703512
YAKATPURA,Juvinile Home,2.416724277235801
YAPRAL,China Kandiguda,0.6772519732943009
YELLAMMABANDA,Kphb,1.3190492887656178
YELLAREDDYGUDA,S.R.Nagar,1.033915325970511
ZIAGUDA,Kulsanapur,1.6752775211544875
AMEENPUR,Miyapur_1,2.8575121020937986
AZAMPURA,Darul Shifa,0.8210986622927874
BALAPUR,Chandraingutta,3.626754133297854
BANDLAGUDA,Fathulaguda,0.18095600677435725
CHANUDLAL BHARADARI,Bahadurpura_1,0.20347646352731483
GUNDLAPOCHAMPALLY,TSGWD_1380,3.0285029428244354
JAHANUMA,Bahadurpura_1,0.9264670952607883
GANDIMAISAMMA,TSGWD_1380,5.043782108143943
GOWLIPURA,Chandraingutta,1.5341186777860094
JANGAMMET,Chandraingutta,1.0807695472007062
KANCHANBAGH,Chandraingutta,1.8022258653303895
KISHAN BAGH,Bahadurpura_1,1.5730349266902353
MISRIGUNJ,Bahadurpura_1,0.17853599436904521
PATANCHERU,TSGWD_1654,0.4321409009902586
PATHANCHERU,Patancheru S.O.,0.5061502125419484
PATHERGATTI,Darul Shifa,1.9512333632303858
POCHARAM,Turkayamjal,9.185591767519055
RIYASATH NAGAR,Tarnaka_1,2.4271213241894625
THOOMKUNTA,Devara Yamjal,3.796046703030921
BOLLARAM,Gudimalkapur_1,1.0454611165917467
VATTEPALLY,Bahadurpura_1,2.317071445778575
SHAMSHABAD,TSGWD_1622,2.565634661846558
AMBERPET,Indira Park,2.0329773387492693
CHEERYAL,Keesara_1,3.265082958511761
ADIBATLA,Turkayamjal,4.439085360055593
CONTROL ROOM,"Fever Hospital, Nallakunta",1.5475887733258882
