section,latitude,longitude
ADARSHNAGAR,17.404546984247553,78.47358389715174
ADIKMET,17.4095495,78.5130943
AHMED NAGAR,17.404066,78.4442286
ALIABAD,17.34563,78.4726799
ALKAPURI,17.3662342,78.5549781
ALLABANDA,17.3803134,78.4577022
ALWAL,17.5022292,78.5088584
ASIF NAGAR,17.3857483,78.4505083
ASMANGARH,17.36850992532914,78.51429549554615
ATTAPUR,17.3672244,78.4307278
AUTONAGAR,17.3356141,78.5792031
AZAMABAD,17.4040194,78.5043767
B.N.REDDY NAGAR,17.321914,78.5597937
BACHUPALLY,17.536648,78.3644736
BADANGPET,17.3383467,78.5222127
BAGH LINGAMPALLY,17.3974359,78.4979706
BAHADURPURA,17.3570672,78.4545419
BALAJINAGAR,17.5149256,78.560679
BALANAGAR,17.4768224,78.4219645
BANJARA HILLS,17.4177464,78.4399014
BARKATPURA,17.3926121,78.4969683
BEERAMGUDA,17.5091218,78.3004614
BHAGATSINGH NAGAR,17.49324711103568,78.38735077021973
BHAGYANAGAR,17.4076662,78.4957155
BHARATHNAGAR,17.3478913,78.55648
BODUPPAL,17.3988408,78.5366218
BOGULKUNTA,17.3920372,78.4801852
BOIGUDA,17.4286363,78.4969962
BORABANDA,17.4590687,78.4078664
BOUDHANAGAR,17.4160319,78.517419
BUDVEL,17.33298,78.406191
CHANCHALGUDA,17.3673732,78.4965799
CHANDA NAGAR,17.4534764,78.3943669
CHANUKYAPURI,17.35903320948377,78.5617337593459
CHERLAPALLY,17.4687455,78.6024858
CHINTAL,17.5021756,78.440609
CHINTAL BASTHI,17.4073576,78.4567152
DARUL SHIFA,17.366904,78.481078
DEEPTHISRI NAGAR,17.50066559761306,78.33937200961574
DEFENCE COLONY,17.3176682,78.6117136
DHAMMAIGUDA,17.4989069255254,78.59838586027956
DHOOD BOWLI,17.358865699843125,78.46540079693314
DILSHUKNAGAR,17.3710329,78.5254623
DOMALGUDA,17.4078455,78.4850003
ERRAGADDA,17.4487999,78.4356074
FATHENAGAR,17.4598339,78.4525504
FATHER BALAIAHNAGAR,17.50818327428803,78.4937064516262
FILM NAGAR,17.4140574,78.4105031
GACHIBOWLI,17.4436222,78.3519638
GAJULARAMARAM,17.5271759,78.4200077
GANDHINAGAR,17.4077928,78.4925707
GAYATRI NAGAR,17.4566764,78.4035867
GODE-KI-KABAR,17.376976148401162,78.46196399554636
GOLCONDA,17.3873294,78.4057336
GOWLIGUDA,17.377643,78.4787716
GOWTHAM NAGAR,17.4539263,78.527344
GUNFOUNDRY,17.3936441,78.4756654
HAFEEZPET,17.4834409,78.3611316
HAKEEMPET,17.4056403,78.4178824
HASMATHPET,17.4758254,78.4847371
HASSAN NAGAR,17.336155,78.44363
HOUSING BOARD,17.4922068,78.3973638
HUBSIGUDA,17.412012724821263,78.54561665602095
HYDERGUDA,17.4012791,78.4804894
JAGATHGIRIGUTTA,17.4993176,78.4226016
JALPALLY,17.3061541,78.4738589
JAWAHARNAGAR,17.437754,78.4845463
JEEDIMETLA,17.519687,78.4468876
JILLELAGUDA,17.3376801,78.5322366
JUBILEE HILLS,17.4308362,78.4102882
KAKATIYA NAGAR,17.4785837,78.5406026
KAMALANAGAR,17.4728043,78.566675
KARWAN,17.376013,78.4331894
KATEDAN,17.3026835,78.4398207
KISMATHPUR,17.3343045,78.3936455
KOMPALLY,17.5354868,78.5096979
KONDAPUR,17.4587912,78.3730556
KOTHAPETA,17.367222832295177,78.545668383567
KPHB,17.4939602,78.4008412
KUKATPALLY,17.4930841,78.4054408
L.B.NAGAR,17.349846,78.5479412
LALAPET,17.4388301,78.54187
LANGER HOUSE,17.37331,78.41387
LINGOJIGUDA,17.3478809,78.5364577
MACHABOLLARAM,17.513866,78.5137342
MADANNAPET,17.3585578,78.4971064
MADHAPUR,17.4408924,78.3916304
MAILERDEV PALLY,17.31916516561942,78.44588448683878
MALAKPET,17.3736706,78.4996484
MANIKONDA,17.3999951,78.3861689
MANSOORABAD,17.3541765,78.5652906
MARREDPALLY,17.4507936,78.5048972
MARUTHINAGAR,17.373499742570825,78.54268265383173
MEERPET,17.4546432,78.5715499
MEHIDIPATNAM,17.399943921854806,78.43451065196552
METTUGUDA,17.4355036,78.5195573
MIYAPUR,17.4981608,78.3567628
MOGHULPURA,17.3595023,78.4767749
MOOSAPET,17.4685307,78.4206695
MOOSARAMBAGH,17.3743532,78.5160835
MOTI NAGAR,17.4508069,78.422242
MUSHEERABAD,17.4191423,78.4985732
MYSARAM,17.318186408097194,78.48361779724075
NACHARAM,17.4284936,78.5528098
NAGARAM,17.4910113,78.613677
NAGOLE,17.3775306,78.5601231
NALLAGANDLA,17.4774828,78.3060359
NALLAGUTTA,17.4384334,78.4825328
NARAYANGUDA,17.3981159,78.4885006
NGO COLONY,17.327964,78.5657291
NIZAMPET,17.4945061,78.4000017
OLD MALLEPALLY,17.386722270354426,78.45715718205514
PEDDA AMBERPET,17.3172848,78.6384505
PEERJADIGUDA,17.4078747,78.6022666
PRAGATHINAGAR,17.3985199,78.5411934
PRAKASHNAGAR,17.4426888,78.4705479
RADHIKA,17.4771342,78.563299
RAMACHANDRAPURAM,17.5086345,78.3018685
RAMANTHAPUR,17.3885044,78.5371677
REGIMENTAL BAZAR,17.4348324,78.5012557
S.P.R HILLS,17.446776445765586,78.41047091648177
S.R.NAGAR,17.4417071,78.4416081
SAHEBNAGAR,17.3206264,78.5769132
SAIBABA NAGAR,17.4507229,78.4100017
SAIDABAD,17.359533,78.5147979
SAINATHPURAM,17.475693,78.5515621
SANTOSHNAGAR,17.3467185,78.5081947
SAROORNAGAR,17.3611655,78.5387443
SEETHAPALMANDI,17.425757541676237,78.51990378820871
SHAIKPET,17.4057955,78.4006536
SHAPOORNAGAR,17.51707481088814,78.44358687789398
SHIVAM,17.3367947,78.6028951
SOMAJIGUDA,17.4255053,78.4585197
SRINIVAS NAGAR,17.4402595,78.4451055
SUCHITRA,17.5024582,78.4839794
SULEMAN NAGAR,17.3486936,78.4231173
SULTAN BAZAR,17.3870437,78.4869648
SURARAM,17.5360946,78.4186386
TAPPA CHABUTRA,17.37851781010729,78.44605498735723
TARNAKA,17.4285479,78.5379433
TELLAPUR,17.4503205,78.3009176
THATTIKHANA,17.368368049566055,78.60318365434247
THUKKUGUDA,17.2144718,78.4766647
TOLI CHOWK,17.399517081462932,78.41474423791212
TURKAYAMJAL,17.2691643,78.5771279
UPPAL,17.4025091,78.5612562
USHODAYA,17.384909,78.4388101
VAISHALINAGAR,17.338969152148117,78.54402440653747
VAJPAYEE NAGAR,17.493544000750763,78.45891297321583
VANASTHALIPURAM,17.3303179,78.568278
VENGALRAONAGAR,17.442176085833477,78.43833257797534
VENKATAPURAM,17.496189,78.5043108
VIGYANPURI,17.403003650874158,78.51134135120137
VIJAYNAGAR COLONY,17.3442548,78.5412895
VINAY NAGAR,17.3515414,78.5111106
VIVEKANANDA NAGAR,17.3627254,78.5293456
YAKATPURA,17.359093387793546,78.4853163967196
YAPRAL,17.5030543,78.5407976
YELLAMMABANDA,17.5102678,78.4070824
YELLAREDDYGUDA,17.4333135,78.4415476
ZIAGUDA,17.3658951,78.4503072
AMEENPUR,17.5236905,78.3317297
AZAMPURA,17.3761935,78.490874
BALAPUR,17.307521,78.5053298
BANDLAGUDA,17.3714879,78.5727265
CHANUDLAL BHARADARI,17.35207924290198,78.45954822278678
GUNDLAPOCHAMPALLY,17.568913,78.480271
JAHANUMA,17.3433524,78.4614644
GANDIMAISAMMA,17.576965,78.421959
GOWLIPURA,17.3462321,78.4799077
JANGAMMET,17.336251,78.4744044
KANCHANBAGH,17.3280563,78.5001695
KISHAN BAGH,17.3575261,78.44485
MISRIGUNJ,17.350101211439146,78.45939390321827
PATANCHERU,17.5286092,78.2674254
PATHANCHERU,17.53330740566806,78.26899761879605
PATHERGATTI,17.3659836,78.4754866
POCHARAM,17.1766905,78.6024034
RIYASATH NAGAR,17.3890675,78.4053603
THOOMKUNTA,17.5602279357445,78.55835134770649
BOLLARAM,17.5065065,78.3623994
VATTEPALLY,17.3305423,78.4621512
SHAMSHABAD,17.257207,78.3451039
AMBERPET,17.3861776,78.5114709
CHEERYAL,17.517400264293766,78.62880730733653
ADIBATLA,17.230899,78.5558997
CONTROL ROOM,17.4011125,78.4728269
